Circuit ,MMR A,<>,MMR Z,Cassette,Port,<>,151 A,Cassette,Port,<>,151 Z,Cassette,Port,<>,120 A,Cassette,Port,<>,120 Z,Cassette ,Port,<>,160 A,Cassette,Port,<>,Location,Nokia Port ,Notes 
XID0363 / 447874986,MMR ISP PP,<>,MMR164.R5.RU22,A,1/2,<>,DH151.R33.RU4,A,1/2,<>,,,,,,,,<>,,,,,,,,<>,,,
XID0369 / 44787492,MMR ISP PP,<>,MMR164.R5.RU22,A,3/4,<>,DH151.R33.RU4,A,,<>,,,,,,,,<>,,,,,,,,<>,,,
BAD DO NOT USE ,MMR ISP PP,<>,MMR164.R5.RU22,A,5/6,<>,DH151.R33.RU4,A,5/6,<>,,,,,,,,<>,,,,,,,,<>,,,
XID0365 / 447874988,MMR ISP PP,<>,MMR164.R5.RU22,A,7/8,<>,DH151.R33.RU4,A,,<>,,,,,,,,<>,,,,,,,,<>,,,
BAD DO NOT USE ,MMR ISP PP,<>,MMR164.R5.RU22,A,9/10,<>,DH151.R33.RU4,A,9/10,<>,,,,,,,,<>,,,,,,,,<>,,,
XID0364 / 447874987,MMR ISP PP,<>,MMR164.R5.RU22,A,11/12,<>,DH151.R33.RU4,A,,<>,,,,,,,,<>,,,,,,,,<>,,,
XID0366 / 447874989,MMR ISP PP,<>,MMR164.R5.RU22,A,13/14,<>,DH151.R33.RU4,A,,<>,,,,,,,,<>,,,,,,,,<>,,,
XID0362 / 447874980,MMR ISP PP,<>,MMR164.R5.RU22,A,15/16,<>,DH151.R33.RU4,A,,<>,,,,,,,,<>,,,,,,,,<>,,,
XID0368 / 447874991,MMR ISP PP,<>,MMR164.R5.RU22,A,17/18,<>,DH151.R33.RU4,A,,<>,,,,,,,,<>,,,,,,,,<>,,,
XID0417 / 448933804,MMR ISP PP,<>,MMR164.R5.RU22,A,19/20,<>,DH151.R33.RU4,A,19/20,<>,DH151 CAB33 RU05,D,15/16,<>,dh120.266.32,D,15/16,<>,,A,15/16,<>,dh160.26.38,C,,<>,dh160.1.38,C24,
XID0418/ 448933797,MMR ISP PP,<>,MMR164.R5.RU22,A,21/22,<>,DH151.R33.RU4,A,21/22,<>,DH151 CAB33 RU05,D,3/4,<>,dh120.266.32,D,3/4,<>,,A,3/4,<>,dh160.26.38,C,,<>,dh160.1.38,C18,
XID0419 / 448933799,MMR ISP PP,<>,MMR164.R5.RU22,A,23/24,<>,DH151.R33.RU4,A,23/24,<>,DH151 CAB33 RU05,D,5/6,<>,dh120.266.32,D,5/6,<>,,A,5/6,<>,dh160.26.38,C,,<>,dh160.1.38,C19,
XID0424 / 448933708,MMR ISP PP,<>,MMR164.R5.RU22,B,1/2,<>,DH151.R33.RU4,B,1/2,<>,DH151 CAB33 RU05,D,1/2,<>,dh120.266.32,D,1/2,<>,,A,1/2,<>,dh160.26.38,C,,<>,dh160.1.38,C17,
XID0416 / 448933801,MMR ISP PP,<>,MMR164.R5.RU22,B,3/4,<>,DH151.R33.RU4,B,3/4,<>,DH151 CAB33 RU05,D,9/10,<>,dh120.266.32,D,9/10,<>,,A,9/10,<>,dh160.26.38,C,,<>,dh160.1.38,C21,
OPEN,MMR ISP PP,<>,MMR164.R5.RU22,B,5/6,<>,DH151.R33.RU4,B,,<>,,,,,,,,<>,,,,,,,,<>,,,
OPEN,MMR ISP PP,<>,MMR164.R5.RU22,B,7/8,<>,DH151.R33.RU4,B,,<>,,,,,,,,<>,,,,,,,,<>,,,
,MMR ISP PP,<>,MMR164.R5.RU22,B,9/10,<>,DH151.R33.RU4,B,,<>,,,,,,,,<>,,,,,,,,<>,,,
XID0425 / 448933800,MMR ISP PP,<>,MMR164.R5.RU22,B,11/12,<>,DH151.R33.RU4,B,11/12,<>,DH151 CAB33 RU05,D,7/8,<>,dh120.266.32,D,7/8,<>,,A,7/8,<>,dh160.26.38,C,,<>,dh160.1.38,C20,
XID0405 / ,MMR ISP PP,<>,MMR164.R5.RU22,B,13/14,<>,DH151.R33.RU4,B,,<>,,,,,,,,<>,,,,,,,,<>,,,
XID0389 / 448332561,MMR ISP PP,<>,MMR164.R5.RU22,B,15/16,<>,DH151.R33.RU4,B,,<>,,,,,,,,<>,,,,,,,,<>,,,
Lumen 448332549,MMR ISP PP,<>,MMR164.R5.RU22,B,17/18,<>,DH151.R33.RU4,B,,<>,,,,,,,,<>,,,,,,,,<>,,,
XID0427/ 448933803,MMR ISP PP,<>,MMR164.R5.RU22,B,19/20,<>,DH151.R33.RU4,B,19/20,<>,DH151 CAB33 RU05,D,13/14,<>,dh120.266.32,D,13/14,<>,,A,13/14,<>,dh160.26.38,C,,<>,dh160.1.38,C23,"Checked CKT across each DH and was correct, issue is most likely in the MMR."
XID0426/ 448933802,MMR ISP PP,<>,MMR164.R5.RU22,B,21/22,<>,DH151.R33.RU4,B,21/22,<>,DH151 CAB33 RU05,D,11/12,<>,dh120.266.32,D,11/12,<>,,A,11/12,<>,dh160.26.38,C,,<>,dh160.1.38,C22,
XID0464 / 449355679,MMR ISP PP,<>,MMR164.R5.RU22,B,23/24,<>,DH151.R33.RU4,B,,<>,,,,,,,,<>,,,,,,,,<>,,,
,,,,,,,,,,,,,,,,,,,,,,,,,,,,,
OPEN,,<>,MMR164.R5.RU16,A,1/2,<>,DH151.R34.RU4,,,<>,,,,,,,,<>,,,,,,,,<>,,,
OPEN,,<>,MMR164.R5.RU16,A,3/4,<>,DH151.R34.RU4,,,<>,,,,,,,,<>,,,,,,,,<>,,,
XID0428/ 448925563,MMR ISP PP,<>,MMR164.R5.RU16,A,5/6,<>,DH151.R34.RU4,A,5/6,<>,,,,<>,dh120.266.38,D,1/2,<>,,B,1/2,<>,dh160.26.38,D,,<>,dh160.2.38,C17,
XID0429/ 448926733,MMR ISP PP,<>,MMR164.R5.RU16,A,7/8,<>,DH151.R34.RU4,A,7/8,<>,,,,<>,dh120.266.38,D,3/4,<>,,B,3/4,<>,dh160.26.38,D,,<>,dh160.2.38,C18,
XID0430/ 448926734,MMR ISP PP,<>,MMR164.R5.RU16,A,9/10,<>,DH151.R34.RU4,A,9/10,<>,,,,<>,dh120.266.38,D,5/6,<>,,B,5/6,<>,dh160.26.38,D,,<>,dh160.2.38,C19,
XID0431/ 448926735,MMR ISP PP,<>,MMR164.R5.RU16,A,11/12,<>,DH151 CAB34 RU40,A,11/12,<>,,,,<>,dh120.266.38,D,7/8,<>,,B,7/8,<>,dh160.26.38,D,,<>,dh160.2.38,C20,
lumen/448338555  ,MMR ISP PP,<>,MMR164.R5.RU16,A,11/12,<>,DH151 CAB34 RU40 MMR,A,21/22,<>,,,,<>,DH120.R10.U43,C,21/22,<>,,A,17/18,<>,dh160.26.38,A,,<>,dh160.1.28,c35,
XID0465 / 449355683,,<>,MMR164.R5.RU16,A,13/14,<>,DH151.R34.RU4,,,<>,,,,,,,,<>,,,,,,,,<>,,,
XID0466 / 449355681,,<>,MMR164.R5.RU16,A,15/16,<>,DH151.R34.RU4,,,<>,,,,,,,,<>,,,,,,,,<>,,,
XID0467 / 449355664,,<>,MMR164.R5.RU16,A,17/18,<>,DH151.R34.RU4,,,<>,,,,,,,,<>,,,,,,,,<>,,,
XID0468 / 449355678,,<>,MMR164.R5.RU16,A,19/20,<>,DH151.R34.RU4,,,<>,,,,,,,,<>,,,,,,,,<>,,,
XID0469 / 449355677,,<>,MMR164.R5.RU16,A,21/22,<>,DH151.R34.RU4,,,<>,,,,,,,,<>,,,,,,,,<>,,,
XID0470 / 449355682,,<>,MMR164.R5.RU16,A,23/24,<>,DH151.R34.RU4,,,<>,,,,,,,,<>,,,,,,,,<>,,,
XID0471 / 449355680,,<>,MMR164.R5.RU16,B,1/2,<>,DH151.R34.RU4,,,<>,,,,,,,,<>,,,,,,,,<>,,,
XID0367 / 447874990,,<>,MMR164.R5.RU16,B,3/4,<>,DH151.R34.RU4,,,<>,,,,,,,,<>,,,,,,,,<>,,,
OPEN,,<>,MMR164.R5.RU16,B,5/6,<>,DH151.R34.RU4,,,<>,,,,,,,,<>,,,,,,,,<>,,,
OPEN,,<>,MMR164.R5.RU16,B,7/8,<>,DH151.R34.RU4,,,<>,,,,,,,,<>,,,,,,,,<>,,,
OPEN,,<>,MMR164.R5.RU16,B,9/10,<>,DH151.R34.RU4,,,<>,,,,,,,,<>,,,,,,,,<>,,,
OPEN,,<>,MMR164.R5.RU16,B,11/12,<>,DH151.R34.RU4,,,<>,,,,,,,,<>,,,,,,,,<>,,,
OPEN,,<>,MMR164.R5.RU16,B,13/14,<>,DH151 CAB34 RU40,A,13/14,<>,,,,<>,dh120.266.38,D,9/10,<>,,B,9/10,<>,dh160.26.38,D,,<>,dh160.2.38,C21,
OPEN,,<>,MMR164.R5.RU16,B,15/16,<>,DH151 CAB34 RU40,A,15/16,<>,,,,<>,dh120.266.38,D,11/12,<>,,B,11/12,<>,dh160.26.38,D,,<>,dh160.2.38,C22,
OPEN,,<>,MMR164.R5.RU16,B,17/18,<>,DH151 CAB34 RU40,A,17/18,<>,,,,<>,dh120.266.38,D,13/14,<>,,B,13/14,<>,dh160.26.38,D,,<>,dh160.2.38,C23,
OPEN,,<>,MMR164.R5.RU16,B,19/20,<>,DH151 CAB34 RU40,A,19/20,<>,,,,<>,dh120.266.38,D,15/16,<>,,B,15/16,<>,dh160.26.38,D,,<>,dh160.2.38,C24,
OPEN,,<>,MMR164.R5.RU16,B,21/22,<>,DH151.R34.RU4,,,<>,,,,,,,,<>,,,,,,,,<>,,,
OPEN,,<>,MMR164.R5.RU16,B,23/24,<>,DH151.R34.RU4,,,<>,,,,,,,,<>,,,,,,,,<>,,,
,,,,,,,,,,,,,,,,,,,,,,,,,,,,,
,,,,,,,,,,,,,,,,,,,,,,,,,,,,,
,,,,,,,,,,,,,,,,,,,,,,,,,,,,,
,,,,,,,,,,,,,,,,,,,,,,,,,,,,,
,,,,,,,,,,,,,,,,,,,,,,,,,,,,,
,,,,,,,,,,,,,,,,,,,,,,,,,,,,,
,,,,,,,,,,,,,,,,,,,,,,,,,,,,,
,,,,,,,,,,,,,,,,,,,,,,,,,,,,,
,,,,,,,,,,,,,,,,,,,,,,,,,,,,,
,,,,,,,,,,,,,,,,,,,,,,,,,,,,,
OUYX/421081//ZYO  ,MMR ISP PP,<>,MMR CW PP,,,<>,DH151 CAB34 RU40 MMR,A,17/18,<>,,,,<>,DH120.R10.U43,C,15/16,<>,,A,13/14,<>,dh160.26.38,A,,<>,dh160.1.28,c36,
OUYX/421082//ZYO  ,MMR ISP PP,<>,MMR CW PP,,,<>,DH151 CAB34 RU40 MMR,A,19/20,<>,,,,<>,DH120.R10.U43,C,17/18,<>,,A,15/16,<>,dh160.26.38,A,,<>,dh160.2.28,c35,